,Store Number,City
35,4312,Council Bluffs
117,5244,Cresco
164,4829,Des Moines
184,4361,Des Moines
195,2478,Altoona
217,4819,Altoona
274,3644,Altoona
332,3870,Altoona
403,5057,Des Moines
411,2532,Des Moines
471,5318,Des Moines
503,4799,Des Moines
513,2636,Des Moines
549,3696,Des Moines
569,4622,Des Moines
611,3651,Indianola
630,4684,Indianola
671,2448,Indianola
715,5359,Peosta
749,2549,Indianola
830,2527,Des Moines
970,4617,Des Moines
1013,5313,Des Moines
1053,2536,Pleasant Hill
1084,3816,Red Oak
1115,9013,Cumming
1118,9913,Cumming
1120,3618,Cedar Rapids
1166,2509,Cedar Rapids
1251,4845,Cedar Rapids
1290,5142,Cedar Rapids
1356,2588,Cedar Rapids
1513,2590,Cedar Rapids
1650,4487,Cedar Rapids
1674,4636,Cedar Rapids
1707,3385,Cedar Rapids
1745,3628,Cedar Rapids
1777,2647,Cedar Rapids
1953,4154,Hiawatha
1977,2605,Cedar Rapids
2069,4624,Hiawatha
2144,5097,Cedar Rapids
2152,4687,Cedar Rapids
2161,4771,Cedar Rapids
2199,5214,Cedar Rapids
2211,2622,Iowa City
2219,2627,Des Moines
2291,4677,Coralville
2447,2285,Iowa City
2448,4161,Iowa City
2467,5286,Iowa City
2496,5060,Iowa City
2519,5014,Iowa City
2528,3896,Iowa City
2628,5111,Iowa City
2646,4160,Iowa City
2675,2513,Iowa City
2792,4728,Iowa City
2817,2844,Iowa City
2832,2545,Iowa City
2918,4697,Iowa City
2930,3980,Iowa City
2980,4844,Iowa City
3004,3926,Iowa City
3083,5224,Coralville
3130,4134,Pleasantville
3144,3849,Dyersville
3276,2624,Dubuque
3439,3944,Dubuque
3450,3632,Dubuque
3494,2524,Dubuque
3607,4106,Dubuque
3642,4334,Dubuque
3660,2413,Dubuque
3764,3959,Dubuque
3789,5258,Dubuque
3806,3841,Dubuque
3834,4167,Dubuque
4005,3774,Dubuque
4020,4712,Dubuque
4029,5042,Dubuque
4045,3738,Dubuque
4069,4535,Dubuque
4078,2649,Dubuque
4233,3495,Monticello
4379,4252,Monticello
4407,4137,Waukee
4416,4299,Central City
4461,2666,Ankeny
4463,4136,Grimes
4464,9911,Urbandale
4476,4599,Des Moines
4520,3625,Ankeny
4559,5124,Johnston
4621,4131,Urbandale
4641,3691,Urbandale
4696,4449,Urbandale
4707,4450,Urbandale
4717,2665,Waukee
4789,3943,Nevada
4806,4378,Waukee
4813,4384,Adel
4830,4623,Van Meter
4840,5092,West Des Moines
4869,2619,West Des Moines
5140,2200,Sac City
5157,4098,Washington
5183,4021,Fairfield
5210,3811,Keokuk
5227,3562,West Burlington
5272,3790,Mt Pleasant
5301,2552,Cedar Rapids
5456,4492,Cedar Rapids
5471,3666,Cedar Rapids
5492,4956,Cedar Rapids
5529,4788,Cedar Rapids
5544,3912,Cedar Rapids
5595,5176,Cedar Rapids
5717,4443,Palo
5726,4895,Cedar Rapids
5783,4634,Cedar Rapids
5802,5230,Cedar Rapids
5821,2843,Cedar Rapids
5849,5254,Cedar Rapids
5877,4496,Cedar Rapids
5900,4660,Cedar Rapids
5915,4637,Cedar Rapids
5942,4566,Cedar Rapids
5957,3822,Swisher
5976,3663,Waterloo
6013,3889,Waverly
6027,3859,Independence
6038,4019,Manchester
6054,2113,Gowrie
6079,5141,Gowrie
6091,4998,Lake City
6159,5010,Sac City
6183,4118,Lake View
6210,4116,Lake View
6215,5354,Wall Lake
6224,5151,Ida Grove
6251,5004,Ida Grove
6267,4097,Schleswig
6291,3932,Mapleton
6371,5228,Anthon
6377,5274,Kingsley
6392,3650,Holstein
6450,5140,Cherokee
6506,3989,Cherokee
6531,4310,Cherokee
6580,2597,Cherokee
6623,3749,Storm Lake
6649,2576,Storm Lake
6709,3635,Ogden
6779,5067,Storm Lake
6796,5028,Storm Lake
6814,4163,Storm Lake
6821,5326,Storm Lake
6946,3855,Storm Lake
6995,3876,Manson
7025,4324,Dayton
7061,4831,Boone
7076,2505,Boone
7117,4935,Waterloo
7179,4408,Boone
7192,4409,Boone
7216,4023,Boone
7236,4107,Boone
7277,3769,Cedar Falls
7314,2572,Cedar Falls
7388,3868,Marion
7580,4902,Waterloo
7588,2571,Waterloo
7624,4900,Waterloo
7665,4648,Waterloo
7681,5063,Waterloo
7715,4077,Waterloo
7731,4647,Waterloo
7758,5113,Waterloo
7776,4502,Waterloo
7805,5243,Waterloo
7843,4265,Waterloo
7861,5043,Waterloo
7891,3993,Waterloo
7934,5174,Waterloo
7974,4512,Waterloo
7980,4642,Waterloo
7997,3773,Cedar Rapids
8187,5236,Anamosa
8326,3934,Maquoketa
8344,3563,Muscatine
8378,2633,Des Moines
8572,2564,Waterloo
8779,4511,Des Moines
8790,4068,West Des Moines
8811,5169,Des Moines
8823,3909,Melcher-Dallas
8844,2551,Chariton
8913,5059,Humeston
8935,2669,Corydon
8955,4027,Centerville
8972,4271,Centerville
8983,2523,Centerville
9061,3013,Bloomfield
9091,4046,Centerville
9118,2559,Albia
9157,4011,Albia
9190,4789,Bussey
9196,4817,Knoxville
9222,3818,Knoxville
9298,2566,Knoxville
9382,4275,Knoxville
9396,5080,Spencer
9410,3660,Knoxville
9422,5050,Carlisle
9453,2190,Des Moines
9556,5309,Des Moines
9565,3783,Pocahontas
9624,3626,Spencer
9647,4234,Spencer
9660,2565,Spencer
10009,3390,Milford
10105,5068,Arnolds Park
10147,5293,Arnolds Park
10179,5104,Arnold's Park
10211,2233,Spirit Lake
10238,3622,Spirit Lake
10258,2522,Spirit Lake
10353,4239,Spirit Lake
10376,4387,Spirit Lake
10386,4582,Spirit Lake
10418,5154,Lake Park
10437,4272,Estherville
10499,2556,Estherville
10546,4269,Tipton
10619,4783,Emmetsburg
10629,3704,Emmetsburg
10731,4254,Emmetsburg
10746,4592,Emmetsburg
10785,2445,Oakland
10786,2512,Iowa City
11019,4013,Tipton
11031,5329,Grand Mounds
11050,5106,DeWitt
11086,5298,DeWitt
11107,3920,Clinton
11172,2616,Clinton
11373,5227,Clinton
11409,2806,Clinton
11486,4204,Clinton
11502,4864,Clinton
11527,3647,Clinton
11555,4132,Camanche
11568,2475,West Bend
11577,3732,Eldridge
11623,3845,Otho
11680,3592,Fort Dodge
11730,2562,Fort Dodge
11766,2663,Urbandale
11777,5237,Fort Dodge
11799,2644,Fort Dodge
11910,4311,Fort Dodge
11929,5238,Fort Dodge
11969,5167,Fort Dodge
12039,4805,Fort Dodge
12047,4319,Humboldt
12071,2606,Humboldt
12116,3524,Ames
12163,5005,Laurens
12186,4542,Laurens
12199,4527,Gilmore City
12223,4757,Bondurant
12298,4103,Ames
12314,4940,Cambridge
12361,5279,Ames
12371,4428,Ames
12399,4437,Ames
12437,2500,Ames
12713,2501,Ames
12966,4129,Ames
13144,2609,Ames
13170,4438,Ames
13187,3866,Ames
13206,4004,Ames
13217,4674,Ames
13299,4105,Nevada
13345,5000,Nevada
13354,5135,Huxley
13371,3952,Bettendorf
13373,4453,Forest City
13378,3772,Des Moines
13401,4448,Urbandale
13406,5250,Des Moines
13460,2625,Davenport
13640,3776,Davenport
13689,2603,Bettendorf
13693,4192,Bettendorf
14114,5013,Bettendorf
14137,5335,Bettendorf
14159,4717,Bettendorf
14167,2840,Bettendorf
14184,3715,Davenport
14244,2614,Davenport
14292,4630,Davenport
14352,4640,Davenport
14389,4652,Davenport
14408,5319,Davenport
14445,3853,Davenport
14476,2637,Davenport
14509,5257,Ottumwa
14601,5003,Davenport
14629,2502,Ankeny
14725,3723,Onawa
14903,4971,Pleasant Hill
14940,4433,Pleasant Hill
14975,3949,Pella
14986,2642,Pella
15064,3990,Oskaloosa
15176,3735,Oskaloosa
15216,4300,Oskaloosa
15228,4821,Oskaloosa
15236,2596,Ottumwa
15310,3726,Ottumwa
15341,2543,Ottuwma
15597,4069,Ottumwa
15609,3916,Ottumwa
15651,5300,Otumwa
15755,2611,Ottumwa
15862,2548,Altoona
15989,2238,Altoona
16111,2594,Sioux City
16134,5348,Le Grand
16301,4202,Sioux City
16320,3879,Sioux City
16324,5351,Sioux City
16343,4879,Sioux City
16381,4884,Sioux City
16402,4565,Sioux City
16422,2621,Sioux City
16517,3808,La Porte City
16588,3869,Coralville
16666,4452,Sioux City
16785,2623,Sioux City
16967,3820,Sioux City
17101,4975,Sioux City
17126,4588,Sioux City
17153,4558,Sioux City
17188,2667,Sioux City
17230,4200,Sioux City
17244,4568,Sioux City
17281,3757,Sioux City
17326,5086,Sioux City
17342,3447,Sioux City
17360,3722,Sioux City
17394,4201,Sioux City
17414,5027,Sioux City
17431,4676,Sioux City
17443,4197,Sergeant Bluff
17472,4888,Sergeant Bluff
17496,4444,Sloan
17520,5264,Mitchellville
17576,3942,Toledo
17641,4195,Toledo
17659,4025,Belle Plaine
17684,4070,Belle Plaine
17731,5268,Atkins
17747,2618,Cedar Rapids
17762,3417,Marengo
17905,4439,Center Point
17930,4346,Shellsburg
17969,5292,Vinton
17976,4228,Vinton
17988,4298,Dysart
18026,5202,Gilbertville
18041,4978,Waterloo
18049,4557,Traer
18067,5323,Gladbrook
18080,5284,Brooklyn
18104,3873,Coralville
18120,2670,Coralville
18345,5009,Coralville
18537,4157,North Liberty
18550,3928,North Liberty
18557,5105,North Liberty
18700,2508,Cedar Rapids
19015,5222,Cedar Rapids
19046,2568,Cedar Rapids
19073,5356,Cedar Rapids
19113,3890,Cedar Rapids
19175,5073,Cedar Rapids
19185,2846,Cedar Rapids
19212,4162,Cedar Rapids
19232,5190,Walford
19283,4393,Clive
19302,5339,Marengo
19344,5150,Victor
19357,3629,Council Bluffs
19358,5360,Davenport
19425,3762,Windsor Heights
19468,4773,West Des Moines
19491,9906,Des Moines
19499,4849,Des Moines
19548,5102,Mount Vernon
19556,2626,Des Moines
19574,2635,Davenport
19823,3731,Davenport
19885,3354,Davenport
19913,2838,Davenport
19930,4751,Davenport
19939,4694,Davenport
19953,2567,Davenport
20076,4638,Davenport
20099,3858,Davenport
20130,5215,Le Claire
20155,4196,Davenport
20179,5029,Davenport
20235,4847,Leclaire
20287,3420,Windsor Heights
20309,3645,Windsor Heights
20344,4461,Windsor Heights
20403,4388,Clive
20443,2854,Urbandale
20528,4392,Clive
20569,4732,Clive
20578,4733,Urbandale
20586,4661,Grimes
20612,4374,Grimes
20632,4209,Grimes
20673,4375,Grimes
20687,4344,Grimes
20842,4901,Polk City
20868,4362,Polk City
20878,4083,Ankeny
20913,4609,Ankeny
20926,4397,Ankeny
20942,4405,Ankeny
20986,2106,Cedar Falls
21074,2130,Waterloo
21178,5155,Waterloo
21213,4988,Cedar Falls
21223,4932,Cedar Falls
21312,4959,Cedar Falls
21385,3995,Cedar Falls
21421,4761,Waterloo
21429,4958,Cedar Falls
21525,3713,Mason City
21552,3528,Mason City
21573,2515,Mason City
21611,3664,Northwood
21771,2652,Mason City
21869,2582,Mason City
21994,5034,Mason City
22025,5251,Mason City
22075,4668,Clear Lake
22092,3456,Clear Lake
22270,4969,Clear Lake
22381,4091,Clear Lake
22402,5069,Lake Mills
22408,5334,Lake Mills
22446,5115,Manly
22458,4104,Mason City
22469,5280,Mason City
22483,5247,Rockwell
22521,3525,Washington
22579,2517,Newton
22711,4807,Williamsburg
22730,4787,Swisher
22773,4493,Cedar Rapids
22938,4500,North Liberty
22979,4427,North Liberty
23002,5196,Coralville
23015,4713,Coralville
23033,3670,Coralville
23098,4366,Tiffin
23121,5011,Williamsburg
23141,3888,Grinnell
23152,2579,Grinnell
23195,3054,Grinnell
23215,4345,Grinnell
23297,4185,Grinnell
23319,5138,Kellogg
23342,4604,Newton
23468,5116,Newton
23515,4194,Newton
23537,3041,Colfax
23583,3514,Fort Dodge
23626,9002,Leclaire
23636,9902,Leclaire
23640,5321,Belle Plaine
23645,5303,Marshalltown
23662,3719,Marshalltown
23687,2544,Marshalltown
23948,5248,Marshalltown
24018,5346,Marshalltown
24088,4756,Marshalltown
24094,5324,State Center
24130,5179,Baxter
24141,4727,Ankeny
24159,4810,Ankeny
24177,4084,Ankeny
24194,4404,Ankeny
24205,4726,Ankeny
24432,4601,Des Moines
24450,4598,Des Moines
24474,4795,Des Moines
24477,5125,Des Moines
24541,4803,Des Moines
24555,4140,Des Moines
24779,4802,Des Moines
24790,5162,Urbandale
24801,3877,Des Moines
24935,4941,Urbandale
25121,4447,Urbandale
25132,2587,Johnston
25356,2648,West Des Moines
25588,4368,Johnston
25603,4725,Ankeny
25831,2528,Des Moines
26020,4603,Des Moines
26057,2561,Des Moines
26231,4301,Des Moines
26259,5129,Des Moines
26297,4595,Des Moines
26347,4997,Des Moines
26388,4942,Des Moines
26395,2849,Des Moines
26409,4798,Des Moines
26438,3678,Des Moines
26449,4877,Clive
26461,2248,Des Moines
26521,5127,Des Moines
26588,4804,Des Moines
26602,2535,West Des Moines
26641,4230,Clive
26654,2630,West Des Moines
26673,4373,West Des Moines
26680,3814,West Des Moines
26692,3899,West Des Moines
26944,5347,West Des Moines
26965,4927,West Des Moines
26993,2521,West Des Moines
27165,5146,West Des Moines
27177,4718,West Des Moines
27235,4521,Grand Junction
27264,4190,Jefferson
27325,2671,Jefferson
27367,5205,Glidden
27387,4158,Carroll
27406,4613,Carroll
27419,4688,Carroll
27441,2593,Carroll
27477,4014,Denison
27602,4410,Perry
27620,4001,Carroll
27651,2595,Denison
27805,3756,Manning
27846,5343,Coon Rapids
27858,4917,Perry
27874,2612,Perry
27990,4320,Perry
28014,5012,Perry
28034,3831,Madrid
28061,3987,Algona
28064,4169,Des Moines
28111,4385,New Virginia
28146,5144,Ankeny
28201,2628,Eldora
28219,4110,Parkersburg
28272,2657,Bedford
28375,2620,Windsor Heights
28625,4893,West Des Moines
28639,4594,Des Moines
28664,4369,Norwalk
28675,4092,Norwalk
28700,4260,Osceola
28720,2550,Osceola
28772,3997,Osceola
28782,4419,Lamoni
28788,2668,Leon
28819,3826,Osceola
28855,4382,West Des Moines
28937,4801,Des Moines
28952,5098,Des Moines
28962,4165,Ankeny
28980,4549,Colo
28986,5337,Conrad
29008,4659,Conrad
29031,4250,Eldora
29074,4455,Eldora
29081,4657,Wellsburg
29087,5206,Grundy Center
29127,4495,Grundy Center
29147,4396,Reinbeck
29179,4306,Hampton
29223,4547,Hampton
29248,4421,Hampton
29273,2460,Hampton
29314,4658,Iowa Falls
29327,4284,Iowa Falls
29340,2658,Mount Ayr
29354,3813,Mount Ayr
29398,2655,Clarinda
29424,4249,Clarinda
29467,5210,Clarinda
29514,4246,Shenandoah
29523,2607,Shenandoah
29601,4937,Shenandoah
29608,4629,Glenwood
29637,4708,Glenwood
29668,4010,Glenwood
29705,4738,Council Bluffs
29714,4545,Council Bluffs
29751,4510,Malvern
29768,2518,Red Oak
29883,4318,Red Oak
29899,2656,Corning
29925,2327,Corning
29975,5110,Lenox
30000,3830,Creston
30029,2553,Creston
30066,2672,Winterset
30091,4823,Creston
30113,4291,Creston
30162,4531,Afton
30169,2228,Winterset
30222,4848,Winterset
30296,4907,Cedar Falls
30309,4947,Cedar Falls
30451,4147,Cedar Falls
30463,3819,Decorah
30469,4631,Cedar Falls
30490,4914,Cedar Falls
30507,2835,Cedar Falls
30523,4723,Cedar Falls
30536,5007,Denver
30550,5181,Denver
30560,5352,Tripoli
30581,3717,Sumner
30607,3857,Waukon
30637,4762,Fort Atkinson
30727,4818,Decorah
30728,4183,Decorah
30773,3721,Decorah
30806,4289,Waukon
30826,2178,Waukon
30918,5017,Lansing
30959,5330,Postville
30988,4973,West Union
31043,4466,Fayette
31055,5180,Oelwein
31071,4628,Oelwein
31089,4156,Oelwein
31110,5199,Oelwein
31123,3584,Oelwein
31163,4395,Ellsworth
31183,4651,Jewell
31208,5297,Webster City
31232,2602,Webster City
31262,4709,Ames
31388,5187,Ames
31405,4235,Webster City
31420,5296,Webster City
31427,4133,Webster City
31450,4459,Eagle Grove
31465,4236,Eagle Grove
31531,4556,Goldfield
31542,3056,Clarion
31567,4591,Clarion
31579,5287,Clarion
31585,5302,Belmond
31595,3654,Belmond
31611,4247,Belmond
31628,4172,Alden
31649,4355,Story City
31671,4081,Story City
31738,4102,Ames
31785,4675,Ames
31807,4767,Ankeny
31832,5245,Des Moines
31909,5051,Des Moines
31934,4478,Des Moines
31969,4597,Des Moines
32016,5145,Des Moines
32056,4186,Des Moines
32076,5131,Des Moines
32116,3700,Avoca
32163,5322,Avoca
32190,4743,Council Bluffs
32240,3443,Council Bluffs
32316,3728,Council Bluffs
32388,4476,Council Bluffs
32399,5182,Council Bluffs
32424,3963,Council Bluffs
32490,4740,Council Bluffs
32504,5327,Council Bluffs
32508,4317,Greenfield
32559,4626,Council Bluffs
32579,4808,Council Bluffs
32591,4474,Council Bluffs
32615,4608,Council Bluffs
32652,5314,Council Bluffs
32750,4462,Buffalo Center
32768,4509,Ames
32777,3477,Council Bluffs
32813,4503,Treynor
32862,4516,Oakland
32947,4463,Garner
32973,4780,Britt
32983,3682,Wesley
33001,4268,Algona
33058,2585,Algona
33174,3842,Bancroft
33224,4650,Swea City
33259,4073,Forest City
33358,3881,Marshalltown
33408,5126,Des Moines
33547,2539,Iowa Falls
33675,2651,Waverly
33866,4146,Waverly
33906,4538,Clarksville
33913,4999,Clarksville
33923,4700,Allison
33936,3676,Greene
33997,4203,Waverly
34036,4924,Nashua
34072,3688,Fredericksburg
34087,4285,New Hampton
34157,4143,Lawler
34287,4233,Cresco
34328,4769,Elma
34347,4559,Osage
34440,3542,St Ansgar
34468,4986,Floyd
34485,5134,Charles City
34497,5121,Charles City
34536,4321,Charles City
34572,2578,Charles City
34697,4524,Nora Springs
34727,3045,Britt
34759,4600,Des Moines
34823,4273,Des Moines
34928,4057,Des Moines
34929,3825,Des Moines
34974,4062,Des Moines
35055,5128,Des Moines
35109,2852,Des Moines
35161,3612,Maquoketa
35186,3778,Des Moines
35289,2850,Des Moines
35302,5338,Des Moines
35597,3886,Anamosa
35621,5333,Anamosa
35741,3829,Mount Vernon
35816,4856,Lisbon
35876,4562,Mechanicsville
35889,4953,Lost Nation
35930,4051,Maquoketa
36159,3488,Bellevue
36177,4540,Bellevue
36188,4690,Baldwin
36202,4543,Marion
36216,4180,Marion
36308,4876,Hiawatha
36326,3707,Cedar Rapids
36398,2569,Cedar Rapids
36548,4605,Marion
36586,4736,Marion
36623,2514,Marion
36682,2847,Marion
36702,4401,Marion
36735,4155,Marion
36780,2560,Marion
36996,5039,Solon
37004,4126,Solon
37115,3494,Waterloo
37183,2538,Waterloo
37227,4166,Jesup
37425,5364,Evansdale
37455,2575,Waterloo
37497,2643,Waterloo
37686,4760,Waterloo
37713,4150,Waterloo
37751,3690,Waterloo
37788,3740,Waterloo
37840,4910,Waterloo
37886,2837,Waterloo
37907,4223,Evansdale
38002,4153,Evansdale
38030,5031,Raymond
38090,5001,Independence
38174,3784,Independence
38251,4148,Independence
38252,5175,Delhi
38336,5271,Winthrop
38369,4189,Manchester
38376,5054,Manchester
38486,5171,Delaware
38538,3744,Dyersville
38562,4182,Dyersville
38591,4585,Farley
38604,5148,Holy Cross
38626,4607,Guttenberg
38636,3782,Guttenberg
38681,4869,Guttenberg
38710,3679,Monona
38782,4972,Monona
38808,4908,Elkader
38862,4130,Keosauqua
38881,3803,Strawberry Point
38882,4855,Strawberry Point
38903,3957,Edgewood
38922,4943,Eldon
38938,4296,Keosauqua
38991,2555,Keokuk
39129,4993,Keokuk
39160,2191,Keokuk
39313,4673,West Point
39356,4793,Fort Madison
39384,3549,Fort Madison
39457,2584,Fort Madison
39546,4619,Fort Madison
39643,4258,Burlington
39673,4898,Burlington
39690,4721,Burlington
39707,5204,Burlington
39726,4722,Burlington
39732,4424,Burlington
39771,4752,Burlington
39805,5149,Burlington
39842,2507,Burlington
39884,4897,Burlington
39944,2506,Burlington
40263,4794,Burlington
40292,5071,Durant
40309,4698,Fairfield
40326,4522,Monroe
40391,2601,Fairfield
41067,5040,Wilton
41186,3838,Bettendorf
41327,5108,Bettendorf
41354,5249,Davenport
41437,4644,Davenport
41445,5100,Davenport
41470,4962,Davenport
41504,3917,Davenport
41598,4749,Davenport
41614,3805,Davenport
41693,5226,Davenport
41741,4892,Davenport
41821,4949,Davenport
41836,5320,Davenport
41896,2554,Davenport
41915,4303,Mediapolis
41947,3918,Davenport
42019,4967,Blue Grass
42098,2629,Council Bluffs
42378,2641,Council Bluffs
42488,2613,Council Bluffs
42653,5315,Sigourney
42693,5316,Sigourney
42736,4279,Keota
42754,4580,Washington
42924,2653,Washington
43082,5163,Mount Pleasant
43089,5072,Mount Pleasant
43115,2558,Mount Pleasant
43274,4790,Mediapolis
43377,4125,Wapello
43422,4413,Wapello
43435,3710,Columbus Junction
43440,3403,Columbus Junction
43522,5090,Muscatine
43536,5299,Muscatine
43545,5091,Muscatine
43631,2662,Muscatine
43855,4467,MUSCATINE
43897,4984,Muscatine
43986,2573,Muscatine
44175,5260,Muscatine
44194,3907,Muscatine
44259,4184,Muscatine
44309,5261,Muscatine
44344,4806,West Liberty
44366,3910,Riverside
44380,4402,Riverside
44395,4067,Wellman
44437,5252,North English
44449,3712,Montezuma
44495,3065,Montezuma
44516,4878,Primghar
44538,4193,Hartley
44563,3576,Hartley
44628,4485,Sanborn
44664,4248,Sheldon
44679,2661,Sheldon
44784,3621,Sheldon
44901,4589,Sibley
44944,4891,Sibley
45004,4336,George
45037,4434,Rock Rapids
45067,3705,Rock Rapids
45150,4337,Larchwood
45181,4006,Larchwood
45187,4904,Larchwood
45229,4820,Inwood
45263,5153,Inwood
45293,5263,Rock Valley
45330,4909,Rock Valley
45342,4563,Ireton
45359,3763,Hawarden
45392,4525,Akron
45424,4255,Orange City
45470,5133,Orange City
45516,4256,Sioux Center
45539,3981,Sioux Center
45586,2660,Sioux Center
45647,3742,Lemars
45688,2604,Lemars
45756,4277,Le Mars
45793,4231,Le Mars
45824,3695,Remsen
45865,3484,Marcus
45887,5311,Paullina
45921,4569,Sutherland
45943,4532,Sioux Rapids
45955,3964,Sioux Rapids
45999,5266,Albert City
46004,3461,Stuart
46026,4654,Stuart
46046,4416,Casey
46065,4417,Adair
46076,4267,Anita
46129,3833,Atlantic
46159,2591,Atlantic
46326,5081,Atlantic
46347,4313,Atlantic
46364,5208,Atlantic
46368,4114,Atlantic
46418,5082,Atlantic
46426,5194,Shelby
46455,5177,Minden
46464,5195,Council Bluffs
46483,4159,Council Bluffs
46718,4475,Council Bluffs
46780,3521,Council Bluffs
46808,4867,Council Bluffs
46825,5342,Carter Lake
46855,4633,Carter Lake
46890,5077,Council Bluffs
46924,3611,Logan
46929,5044,Crescent
46944,4152,Missouri Valley
47068,5089,Missouri Valley
47098,5087,Logan
47127,4000,Woodbine
47236,5362,Dunlap
47237,2650,Harlan
47271,4995,Harlan
47284,4229,Harlan
47424,5173,Audubon
47442,4473,Panora
47633,5094,Cedar Rapids
47640,4950,Cedar Rapids
47733,2841,Cedar Rapids
47744,4491,Cedar Rapids
48569,4517,Cedar Rapids
48578,4744,Cedar Rapids
48623,4377,Des Moines
48912,4596,Des Moines
48953,4141,Des Moines
49037,4641,Des Moines
49073,4800,Des Moines
49224,4138,Indianola
49491,4836,Iowa City
49501,4457,Iowa City
49517,4456,Iowa City
49543,3565,Iowa City
49684,4989,Iowa City
50029,5219,Iowa City
50118,4837,Iowa City
50220,4504,Indianola
50248,5118,Peosta
50594,2465,Dubuque
50713,4765,Dubuque
51110,5306,Dubuque
51299,4171,Cascade
51537,5239,Central City
51754,5211,Johnston
51798,4853,Johnston
52239,4678,Adel
52298,4359,Waukee
52387,4411,De Soto
52417,4872,Earlham
52427,4868,Waukee
52472,4446,Urbandale
52548,4458,Johnston
52993,4923,Aurelia
53260,4905,Rockwell City
53371,4930,Boone
53618,5023,Cedar Rapids
53646,5024,Cedar Rapids
53654,2529,Cedar Rapids
53764,4176,Cedar Rapids
54079,4490,Cedar Rapids
54434,4720,Chariton
54899,4840,Waterloo
55169,5101,Waterloo
55485,4472,Centerville
55857,4380,West Branch
56227,4480,Clinton
56486,4412,Tipton
56505,4170,West Branch
56658,4508,Spencer
56663,3677,Everly
57345,4774,Estherville
57346,4251,Ames
57369,4899,Graettinger
57616,5267,Fort Dodge
57792,4702,Fort Dodge
57802,2851,Fort Dodge
57942,4514,Fort Dodge
58085,5048,Rolfe
58099,4326,Stratford
58118,4701,Boone
58142,4896,Harpers Ferry
58400,3973,Ames
58630,4436,Ames
58818,2853,Ames
58827,4960,Ames
59332,4356,Nevada
59417,4575,Slater
59743,4191,Pella
59843,3789,Oskaloosa
60026,2600,Oskaloosa
60074,5301,Ottumwa
60138,4735,Ottumwa
60475,4293,Eddyville
60486,4655,Prairie City
60618,4135,Altoona
60638,4919,Altoona
61579,4841,Davenport
61586,4952,Davenport
62138,5065,Sioux City
62579,5045,Sioux City
62880,4703,Sioux City
63091,4705,Coralville
63336,5096,North Liberty
63366,5225,North Liberty
63743,5207,Cedar Rapids
63759,4852,Cedar Rapids
63859,4745,Cedar Rapids
63911,4921,Cedar Rapids
63935,4861,Cedar Rapids
64045,5147,Victor
64157,5317,Toledo
64331,5269,Alburnett
64369,5253,Center Point
64389,4551,Urbana
64525,4980,Washburn
64537,4981,Traer
64554,4770,Hudson
64843,4731,Clive
64955,5058,Urbandale
65013,5332,Grimes
65213,4873,Granger
65451,3540,Davenport
65538,4748,Davenport
65953,4911,Princeton
66006,5156,Le Claire
66497,4353,Clear Lake
66803,5283,Mason City
67345,5282,Mason City
67354,5212,Mason City
67438,4553,Sheffield
67597,3624,Newton
67931,4364,Grinnell
68075,4365,Grinnell
68290,5290,Newton
68340,4429,Colfax
68891,4734,Urbandale
69220,5307,Johnston
69251,4406,Ankeny
69508,5117,Marshalltown
69527,4205,Marshalltown
69551,2592,Marshalltown
69674,4665,Ankeny
70469,4696,West Des Moines
70481,4519,West Des Moines
70577,5255,West Des Moines
70586,4379,West Des Moines
70704,4518,West Des Moines
70712,3806,West Des Moines
70746,5340,West Des Moines
70755,4371,West Des Moines
70962,4719,West Des Moines
71108,4715,West Des Moines
71201,4539,Scranton
71474,5079,Denison
71489,4149,Denison
71568,5203,Coon Rapids
71695,4577,Woodward
71924,4621,Maxwell
71961,3606,Grundy Center
72037,3591,Ackley
72152,5055,Latimer
72158,4024,Iowa Falls
72174,5325,Hubbard
72738,4370,Norwalk
72755,5229,Norwalk
72772,4882,St Charles
72957,5358,Bevington
73113,4266,Shenandoah
73169,5223,Tabor
73189,3880,Council Bluffs
73207,4042,Glenwood
73637,4253,Winterset
73859,3930,St Lucas
74240,4034,Postville
74401,3648,Fairbank
74584,4515,Dows
74614,5289,Story City
74768,4414,Neola
74788,5158,Council Bluffs
74827,4440,Council Bluffs
74840,4477,Council Bluffs
74920,4741,Council Bluffs
75018,4435,Council Bluffs
75185,4866,Council Bluffs
75361,5052,Greenfield
75535,3698,West Des Moines
75859,5119,Corwith
76022,5310,Algona
76117,4529,Buffalo Center
76207,5246,Forest City
76566,4584,Dumont
76618,4754,Waverly
76875,4945,Osage
77963,5020,Stanwood
77990,4541,Delmar
78222,5019,Bellevue
78239,4934,Springville
78295,4679,Cedar Rapids
78936,5295,Waterloo
79377,3587,Keokuk
79973,5062,Montrose
80191,4859,Burlington
81677,5070,Wilton
82060,2839,Davenport
82230,5198,Davenport
82311,3882,Davenport
83249,4746,Muscatine
83634,4970,West Liberty
83757,5041,Montezuma
83839,5075,New Sharon
84331,5112,Inwood
84793,4777,Paullina
84897,4880,Anita
85031,3465,Panora
85122,4418,Walnut
85606,5164,Council Bluffs
85803,5114,Missouri Valley
85929,4560,Harlan
86033,2459,Guthrie Center
86847,4482,Indianola
88979,4663,Peosta
89179,4711,Dubuque
89641,4685,Dubuque
90389,5341,Cedar Rapids
90928,5157,Manson
91012,4838,Ogden
91181,4664,Boone
91223,5159,Rockwell City
91842,5193,Lohrville
92392,5270,Urbandale
92547,4890,Urbandale
92710,4669,Des Moines
92853,4929,Adel
92910,4887,West Des Moines
93797,4759,Waterloo
93818,2836,Waterloo
93921,5294,Waterloo
94301,4948,Wheatland
94830,4645,Eldridge
94875,4912,Eldridge
95422,4507,Spencer
95590,3891,Emmetsburg
95648,5021,Okoboji
96005,4854,Armstrong
96026,4274,Ruthven
96238,5281,Fort Dodge
96377,5288,Fort Dodge
96571,4775,Dakota City
96829,5221,Corydon
96864,5217,Seymour
97019,4232,Moravia
97282,5109,Carlisle
98311,4695,Altoona
99609,4520,Huxley
99828,5262,Bettendorf
101566,5344,Sioux City
101737,5076,Sioux City
101772,5083,Sioux City
101807,5188,Sioux City
102148,5328,Van Horne
103204,5025,Cedar Rapids
103333,4635,Cedar Rapids
103445,5172,Cedar Rapids
105905,4351,Clear Lake
106767,4506,Tiffin
107101,4724,Newton
107191,5275,Newton
107883,4505,Johnston
108262,5170,State Center
108272,4338,Melbourne
108304,3656,Ankeny
108309,5099,Ankeny
109294,3871,West Des Moines
110732,4415,Ackley
111370,4544,Osceola
111422,4782,Lamoni
111783,4573,Hamburg
111854,4602,Pacific Junction
112337,4786,Winterset
112382,4590,Cedar Falls
113041,4938,Hazleton
113659,4739,Council Bluffs
114771,4797,Des Moines
115275,5367,Fredericksburg
115503,3393,Riceville
115625,4533,St Ansgar
117238,5350,Marion
117529,4991,Elkader
118223,4498,Winthrop
118508,4578,Farmington
118655,4692,Keokuk
118764,5213,Montrose
118828,4689,Fort Madison
118961,4857,West Burlington
119367,4858,West Burlington
119390,4983,West Burlington
119678,4699,Bettendorf
119836,4747,Davenport
120351,4552,Buffalo
120479,5336,Muscatine
120742,5259,Glenwood
124025,4523,Exira
126130,4343,Des Moines
126981,4710,Dubuque
127599,3872,Dubuque
127763,5241,Dubuque
128137,5006,Dubuque
128277,4536,Dubuque
128312,5183,Cascade
129532,4730,Johnston
130051,4489,Cedar Rapids
130245,5061,Cedar Rapids
130377,5304,Sac City
130497,5120,Mapleton
130683,4982,Alta
130935,4210,Storm Lake
130957,4737,Storm Lake
132306,5216,Runnells
132771,5233,Pleasantville
133218,4706,Clinton
133396,5355,Eldridge
133607,5278,Spencer
134666,3901,Fort Dodge
137037,5353,Pella
137438,5273,Pella
140411,4454,Sioux City
140697,4968,Brooklyn
141914,5064,Fairfax
143523,4119,Cedar Falls
144046,4513,Polk City
144115,2848,Ankeny
146338,4828,Marshalltown
146362,4528,Marshalltown
149356,4546,Glidden
150130,9001,Swisher
150139,9901,Swisher
150569,4944,Martensdale
150598,4825,Osceola
150737,3582,Leon
150988,5308,Hampton
151439,4643,Red Oak
152519,5186,West Union
153128,4656,Ames
153196,4015,Ames
153335,4785,Avoca
154868,4571,Allison
155284,5366,Charles City
159253,4501,Fairfield
160663,4315,Washington
161006,4468,Muscatine
161512,4627,Sully
162711,4753,Adair
163375,5078,Council Bluffs
163476,5291,Carter Lake
168988,4792,De Soto
170133,3652,Ida Grove
170628,4610,Fonda
172043,5218,Chariton
172288,4811,Lovilia
172630,4325,Villisca
173115,4707,Clinton
174894,5285,Humboldt
177802,5349,Robins
177817,5200,Robins
177848,4548,Walker
178404,4915,Bettendorf
179097,4791,Sioux City
180670,5197,Coralville
181319,5305,Cedar Rapids
182331,5107,Windsor Heights
182916,9010,Norwalk
188121,4653,Jefferson
190371,5276,Stanton
190580,4824,Creston
192230,2845,Council Bluffs
192954,4796,Des Moines
193539,5365,Clarksville
194873,5369,Bellevue
195428,4885,Zwingle
197240,4555,Donnellson
197401,5046,Keokuk
200178,4843,Muscatine
202229,5232,Audubon
202993,5088,Hospers
203011,4985,Merrill
204292,4714,Indianola
205098,5242,Iowa City
206794,5234,Dubuque
210017,5312,Washta
210389,4781,Early
212098,5265,Moravia
212504,5240,West Branch
218830,4750,Davenport
219151,5185,Coralville
225173,4530,Ely
229808,9023,Carroll
230286,4537,Leon
230877,2673,Des Moines
231412,4779,Mount Ayr
237000,9912,Grimes
237546,5370,Arlington
242257,5372,Hartley
242478,5331,George
244239,5191,Guthrie Center
249349,5235,Waukee
259108,5371,Bettendorf
260373,4554,Sioux City
260848,4846,Onawa
278117,4933,Burlington
278209,5361,Burlington
283187,5161,Council Bluffs
287137,5201,Dubuque
287854,5209,Dubuque
287875,4996,Dubuque
295057,4716,Spencer
303106,4755,Mason City
313230,4497,Alden
318873,4992,Danville
323600,5056,Council Bluffs
328141,4766,Dubuque
343948,9919,Clive
354559,5035,Council Bluffs
359378,5373,Guttenberg
365649,5357,Orange City
374796,5377,Rockwell City
377882,4499,Milford
385034,5277,Onawa
391455,5363,Clive
398325,5375,Des Moines
402692,5368,Independence
407938,5376,Hawarden
422878,9925,Des Moines
425786,9927,Templeton
431506,5388,Northwood
431586,5383,Northwood
435451,5385,West Des Moines
436069,5384,Perry
439105,5394,Decorah
439543,5387,Webster City
439765,5386,Eagle Grove
441608,5393,Osage
451913,5392,Bondurant
468637,5380,Sioux City
473479,5391,ClearLake
478471,5378,Albion
487033,5272,Dyersville
494448,5396,Indianola
505617,9928,Cedar Rapids
509888,5390,Sioux City
536372,5405,Coralville
537257,5402,Iowa City
554715,5404,Oxford
573762,5403,Davenport
608575,5410,Truro
616011,5381,Monona
628333,5409,Waukee
634182,5401,Clinton
644550,5399,Manly
647425,5416,Marshalltown
649926,5411,Perry
664728,5413,Inwood
675269,4464,Eldridge
685202,9910,Norwalk
713173,5423,Sheldon
731175,5398,Colfax
738036,5425,Grimes
741063,5389,Cresco
751349,5421,Harlan
752941,5382,Altoona
755277,5427,Dubuque
758423,5256,Sac City
760119,5415,Waterloo
766944,5374,Ottumwa
781664,5424,Council Bluffs
782464,5426,Cedar Falls
810637,5429,Garwin
820967,5430,Webster City
825886,5400,Templeton
828254,5422,Montezuma
849783,5431,Le Mars
851145,5420,Cedar Rapids
852012,4778,Storm Lake
887485,5428,Cedar Rapids
888081,5418,Cedar Rapids
888380,5406,Coralville
892605,5417,Cedar Rapids
902058,5412,Tama
909167,5397,Amana
909586,5407,Williamsburg
911634,5408,Marshalltown
955601,5395,Grimes
963905,9031,Earling
974637,5434,West Burlington
979974,5432,Bondurant
990439,5437,Monticello
996571,9931,Earling
1001304,5436,Davenport
1050009,9932,Dubuque
1050010,9022,Davenport
1050013,9922,Davenport
1066952,5439,Mount Pleasant
1071020,5440,Missouri Valley
1117913,5435,Hartley
1118455,5446,Rock Valley
1120506,5443,Des Moines
1123472,5445,Iowa City
1127472,5441,Cherokee
1191149,5444,Marshalltown
1289436,5449,Cedar Rapids
1341014,5453,Griswold
1408933,5433,ClearLake
1420968,2674,Lamoni
1424553,5448,Fort Madison
1428844,5458,Doon
1459154,5447,Raymond
1462005,5456,Oelwein
1462081,5455,Oelwein
1493695,5465,Ames
1502950,5462,Cedar Rapids
1510191,5466,Des Moines
1512977,5454,Clarion
1522726,5464,Manson
1527729,5450,Fort Dodge
1572348,5461,Rockwell City
1576838,5457,Whittemore
1597031,5379,Kanawha
1604326,5470,Muscatine
1606020,5451,Sheldon
1638267,5463,Decorah
1641692,5471,Boone
1654301,5460,Coralville
1658942,5474,Waterloo
1684645,5473,Marion
1691340,5480,Orange City
1725974,5459,Corning
1726803,5452,Decorah
1727166,5477,Marquette
1734188,5482,Davenport
1778142,5472,Evansdale
1790797,5481,Cedar Rapids
1793249,5487,Waterloo
1796852,5476,Eldridge
1807891,5475,Cedar Falls
1815681,5491,Ackley
1824409,5478,Burlington
1852557,5490,Rockwell
1858274,5493,Red Oak
1860970,5485,Story City
1869852,5489,Winfield
1880621,5492,Rockwell City
31,4308,CORALVILLE
41,5166,MARSHALLTOWN
43,4297,CEDAR RAPIDS
57,2290,STORM LAKE
106,5165,LAKE MILLS
206,4576,ARNOLDS PARK
222,3908,FORT MADISON
238,3950,STATE CENTER
241,3986,SIOUX CITY
259,4974,DES MOINES
260,4481,IOWA CITY
263,5123,CLIVE
264,4874,MOUNT PLEASANT
272,4016,CONRAD
288,4827,IOWA CITY
382,4222,EVANSDALE
390,3162,MUSCATINE
406,4360,NEWTON
475,4173,PAULLINA
478,4358,CLARION
485,3766,NEW HAMPTON
565,4670,TRIPOLI
570,4376,MASON CITY
607,4471,WATERLOO
631,2353,CRESCO
697,3573,OTTUMWA
746,3747,SIGOURNEY
747,4283,MARION
780,4177,LE GRAND
901,5160,OTTUMWA
907,3894,CEDAR RAPIDS
913,3785,DES MOINES
922,2152,ROCKWELL
929,3968,MONROE
962,4764,FORT DODGE
1008,4862,KINGSLEY
1070,4615,MASON CITY
1380,4214,WATERLOO
1400,4612,DAVENPORT
1416,5018,DAVENPORT
1468,3947,BROOKLYN
1593,4839,Northwood
1763,5037,JEFFERSON
1787,5130,DAVENPORT
2313,5132,DES MOINES
2349,4164,BETTENDORF
2443,5074,CEDAR RAPIDS
2458,4307,DUNLAP
2949,4426,MARSHALLTOWN
4172,4018,GLADBROOK
4268,4883,SIGOURNEY
4611,3400,DES MOINES
4880,4008,ANTHON
4996,4090,WINTHROP
5081,3972,HUBBARD
5170,4295,DES MOINES
5175,2498,ARLINGTON
5244,5103,MUSCATINE
5589,4357,STORY CITY
5631,4662,CEDAR RAPIDS
5770,3779,FORT DODGE
5910,4987,AMES
6037,4667,BEVINGTON
6081,4561,EVANSDALE
6332,4686,CLINTON
6716,4813,GRAND MOUND
7418,4926,DES MOINES
7684,5137,DES MOINES
8105,4979,CEDAR RAPIDS
8971,4620,FONTANELLE
9178,4451,WEBSTER CITY
9210,4367,MASON CITY
9233,4768,URBANDALE
9442,4430,FORT DODGE
9686,4420,OTTUMWA
9770,4925,URBANDALE
9899,4431,FORT DODGE
10036,5022,WEST DES MOINES
11165,4704,COUNCIL BLUFFS
12464,4445,WEBSTER CITY
12912,5152,WATERLOO
13421,4398,BELMOND
13453,4372,MASON CITY
13489,4957,WALL LAKE
13557,4470,WATERLOO
13677,4742,COUNCIL BLUFFS
14545,5192,ROBINS
15623,4112,NORTH LIBERTY
21131,5095,CARTER LAKE
26471,5047,CEDAR RAPIDS
31823,3655,SIOUX CITY
33970,5066,DUBUQUE
36079,5189,WEST DES MOINES
159264,4961,DUBUQUE
349396,5220,MASON CITY
409406,5178,WEST LIBERTY
808277,4903,Moravia
1859715,9929,Iowa City
1925501,9018,Dubuque
2183787,9930,Raymond
1,2205,CLARINDA
20,5093,LE CLAIRE
69,4881,COON RAPIDS
137,4860,CEDAR RAPIDS
232,2954,DES MOINES
238,5036,CEDAR RAPIDS
271,2959,DES MOINES
328,4288,CEDAR RAPIDS
333,4625,COUNCIL BLUFFS
340,2487,ANAMOSA
349,3437,NORWALK
391,3692,MT VERNON
396,3631,AUDUBON
405,4572,GRUNDY CENTER
520,4812,CHARLES CITY
531,4681,WEST UNION
781,2367,SHENANDOAH
945,3529,CHEROKEE
980,3970,NEVADA
1271,4729,DENISON
1340,3761,LENOX
1457,5053,IOWA CITY
1800,2955,DES MOINES
1966,4276,LAKE MILLS
2041,2958,DES MOINES
2260,5008,EMMETSBURG
2393,2956,DES MOINES
2402,2962,JOHNSTON
2718,4672,GUTTENBERG
2892,4349,DES MOINES
2975,4386,MARSHALLTOWN
3039,2953,DES MOINES
3074,5085,HUDSON
3226,2963,CLIVE
3585,4834,MUSCATINE
3642,5168,CEDAR RAPIDS
4024,5139,WATERLOO
4241,2599,CORALVILLE
4614,5038,WATERLOO
4648,4071,KELLOG
4797,4030,LAKE PARK
5020,2951,CLIVE
5415,5026,NORTH ENGLISH
5818,3925,NORTH LIBERTY
7110,4432,CORALVILLE
7466,4691,IOWA FALLS
7561,4683,WATERLOO
7792,4322,BAXTER
8078,4085,WATERLOO
8160,4567,DES MOINES
8212,4920,JOHNSTON
8651,4776,CARROLL
10838,4990,GRISWOLD
10947,4188,HOLY CROSS
11055,4012,DES MOINES
11149,2961,WEST DES MOINES
11524,3440,DES MOINES
12533,5030,WATERLOO
12615,4889,DES MOINES
13123,3451,DEWITT
15257,4335,INWOOD
15790,4586,ROCKWELL CITY
16732,4583,MANSON
18014,5033,WATERLOO
21172,3864,SCHALLER
21278,4939,URBANDALE
24269,4425,COUNCIL BLUFFS
25969,4870,BETTENDORF
27962,4270,OTTUMWA
30164,4488,CEDAR RAPIDS
36446,4121,WAPELLO
47886,3969,GREENFIELD
50175,4954,URBANDALE
54162,5084,CEDAR RAPIDS
54233,5136,DES MOINES
65726,5032,DES MOINES
65871,4486,OKOBOJI
75527,4059,BELLE PLAINE
57,4117,ARNOLDS PARK
188,2964,ANKENY
208,4616,SPENCER
238,4075,WATERLOO
317,4963,DURANT
407,4381,WILLIAMSBURG
419,4964,WILTON
489,4007,OSSIAN
523,4340,AMES
549,3352,MANCHESTER
556,4108,DES MOINES
635,3614,IDA GROVE
652,4403,Windsor Heights
667,4221,WATERLOO
692,3797,DAVENPORT
1069,2537,FORT DODGE
1169,5049,WAVERLY
1253,4835,CEDAR RAPIDS
1360,4181,DUBUQUE
1387,4093,FORT DODGE
1663,4099,FLOYD
1676,4005,LANSING
1866,4931,HUDSON
2031,3962,HARLAN
2074,3791,JEFFERSON
2118,2510,CEDAR RAPIDS
2234,4036,WATERLOO
2295,2659,CORYDON
2401,4072,DAVENPORT
2507,4772,WEST DES MOINES
2533,4574,WHITTEMORE
2609,3994,ARNOLDS PARK
3605,3616,LAURENS
3606,4875,CEDAR FALLS
3654,4332,DES MOINES
3857,4050,WATERLOO
4026,2583,WASHINGTON
4220,3798,HAWARDEN
4311,2960,WEST DES MOINES
4533,3915,SAC CITY
4565,2638,CEDAR FALLS
4629,3847,WATERLOO
4764,4976,SIOUX CITY
5167,3976,NORTH ENGLISH
5678,3615,EMMETSBURG
6589,4951,CEDAR RAPIDS
6749,4955,MASON CITY
7025,4465,POMEROY
7598,4928,DES MOINES
9681,4139,DES MOINES
10042,4865,ROLFE
10177,4994,WATERLOO
11599,4966,STORM LAKE
12816,4936,TREYNOR
12973,4946,WATERLOO
14023,4225,MARSHALLTOWN
16218,4977,SIOUX CITY
18607,3534,ALTA VISTA
19036,4693,CEDAR RAPIDS
19121,4784,CEDAR RAPIDS
22149,4618,CEDAR RAPIDS
25654,4494,SIOUX CITY
26026,4029,COLESBURG
29237,4906,CEDAR RAPIDS
41249,4101,CAMBRIDGE
41560,4646,FAIRBANK
43722,4632,DES MOINES
44074,3003,LAKE CITY
47180,3536,EAGLE GROVE
47299,4095,WATERLOO
85682,5016,CEDAR RAPIDS
98339,4441,Garnavillo
110057,4965,STORM LAKE
127265,4460,Monona
138419,4816,SHENANDOAH
140964,4534,PRESTON
166798,4331,WEST UNION
283043,4871,HARPERS FERRY
1568970,9014,Holstein
2,3929,WATERLOO
11,4187,SIBLEY
89,4564,DURANT
134,4758,STORM LAKE
290,3583,CORYDON
370,3878,CEDAR FALLS
410,4526,DAVENPORT
457,4219,CLEAR LAKE
562,4593,ROCK VALLEY
565,4581,CEDAR FALLS
599,4833,MURRAY
643,3482,CARROLL
675,4257,WATERLOO
737,4347,BLUE GRASS
808,2503,ANKENY
887,3016,DENVER
891,3531,OSAGE
993,3885,INDEPENDENCE
1066,4649,COUNCIL BLUFFS
1234,4484,WEST LIBERTY
1330,3911,WILLIAMSBURG
1545,4302,DES MOINES
1552,4442,ALTON
1643,4348,WILTON
1807,4035,CEDAR FALLS
1810,3697,DUBUQUE
1910,4809,NASHUA
1952,4327,HIAWATHA
2034,4894,DAVENPORT
2057,2664,CHARLES CITY
2195,4814,WATERLOO
2539,3895,BURLINGTON
2708,4304,DES MOINES
2788,4328,DECORAH
2839,4076,DAVENPORT
3224,4606,SIOUX CITY
3355,4294,WEBSTER CITY
3709,4043,BURLINGTON
3748,4614,URBANDALE
3895,4886,CEDAR RAPIDS
4082,4851,CEDAR RAPIDS
4213,4078,CEDAR FALLS
4342,4850,CEDAR RAPIDS
4830,4080,CEDAR FALLS
5061,3492,ROCKWELL CITY
5311,4922,MARSHALLTOWN
5508,4109,DES MOINES
6944,2422,DES MOINES
7750,4044,BURLINGTON
10008,4341,GRISWOLD
10410,4826,ALBIA
11178,3734,PRIMGHAR
14337,4422,STUART
16977,4671,WATERLOO
22894,4822,OSKALOOSA
25837,4680,DES MOINES
28562,3725,ARMSTRONG
28681,4916,OTTUMWA
30461,4033,MCGREGOR
31219,4918,STORM LAKE
36699,4052,SERGEANT BLUFF
46612,4113,COUNCIL BLUFFS
51325,4832,CLARINDA
53421,4215,WATERLOO
78341,3812,STORM LAKE
95189,4333,WATERLOO
95261,4570,SPENCER
113614,4815,SHENANDOAH
479107,3543,KINGSLEY
1382902,9017,Keosauqua
27,3906,BURLINGTON
53,2534,URBANDALE
154,3480,SPENCER
208,4280,LE CLAIRE
224,2132,WEST UNION
261,3760,DAVENPORT
305,4483,IOWA CITY
334,2645,MUSCATINE
351,4309,COUNCIL BLUFFS
637,2511,CEDAR RAPIDS
686,4094,AMES
704,4038,DENISON
763,4639,FORT DODGE
808,4399,WAUKEE
896,4039,COUNCIL BLUFFS
939,3852,CEDAR RAPIDS
1203,2634,AMES
1217,4049,GLENWOOD
1231,4040,COUNCIL BLUFFS
1245,4763,CEDAR RAPIDS
1324,4282,CEDAR RAPIDS
1421,4363,OSCEOLA
1459,4330,NEWTON
1583,3554,TRIPOLI
1612,4666,ALTOONA
1701,4469,COON RAPIDS
1931,4329,ALTOONA
2007,4115,DES MOINES
2036,4218,WATERLOO
2351,4262,CARROLL
2464,4391,GREENFIELD
2518,4041,CLINTON
2617,4394,HARLAN
2642,4144,CHARLES CITY
2751,4350,MARSHALLTOWN
2975,3064,ADEL
3325,4066,INDIANOLA
4035,4550,WATERLOO
4153,3642,WEST POINT
4185,4213,CLINTON
4263,3596,CHESTER
4280,4323,FORT DODGE
4297,2161,FT. ATKINSON
4571,4352,CRESTON
4774,4383,CRESTON
6379,4259,OSKALOOSA
6609,4579,GRAND MOUND
8200,4400,OSKALOOSA
8476,4389,ALBIA
8800,4026,SIOUX CITY
10576,4390,CLARINDA
10958,3530,PRIMGHAR
11644,3569,BUSSEY
12737,3172,CLEAR LAKE
14753,4174,FORT MADISON
15430,4682,PLEASANTVILLE
29905,4407,KNOXVILLE
36483,4354,SHENANDOAH
37582,3832,ALVORD
44455,2260,PERRY
140583,4226,WAUKON
142813,4830,CLIVE
143579,4314,FONTANELLE
